temperature,y
-80,0.05842
-50,0.04572
-35,0.05842
-15,0.07366
0,0.48006
10,0.67564
21,0.84836
40,1.13538
76,1.38684
100,1.41478
148,1.5
198,1.45